,age,Medu,Fedu,traveltime,studytime,failures,famrel,freetime,goout,Dalc,Walc,health,absences,G1,G2,G3,Mjob_binary_0,Mjob_binary_1,Mjob_binary_2,Fjob_binary_0,Fjob_binary_1,Fjob_binary_2
count,1044.0,1044.0,1044.0,1044.0,1044.0,1044.0,1044.0,1044.0,1044.0,1044.0,1044.0,1044.0,1044.0,1044.0,1044.0,1044.0,1044.0,1044.0,1044.0,1044.0,1044.0,1044.0
mean,0.24657909140667753,0.6508620689655172,0.5969827586206896,0.1743295019157088,0.32343550446998726,0.08812260536398467,0.733955938697318,0.5502873563218391,0.5390325670498084,0.1235632183908046,0.32112068965517243,0.6357758620689655,0.05913154533844187,0.5901895543456341,0.5919036095987094,0.5670977011494253,0.35344827586206895,0.460727969348659,0.6925287356321839,0.09865900383141762,0.8390804597701149,0.4013409961685824
std,0.1771392418807075,0.2812266381270873,0.2749845209443932,0.24390913627517757,0.27811773204716217,0.21871392661118988,0.23335019291658857,0.2578767083967848,0.2881436650513485,0.22792857038990696,0.32127620156546477,0.35617585306225524,0.08280022086351291,0.1570207333692342,0.17289847726224378,0.19323979021918025,0.47826947779581347,0.49869421702410377,0.46166745609495996,0.29834655025852724,0.3676328325385084,0.490404691908618
min,0.0,0.0,0.0,0.0,0.0,0.0,0.0,0.0,0.0,0.0,0.0,0.0,0.0,0.0,0.0,0.0,0.0,0.0,0.0,0.0,0.0,0.0
25%,0.1428571428571428,0.5,0.25,0.0,0.0,0.0,0.75,0.5,0.25,0.0,0.0,0.5,0.0,0.4736842105263157,0.4736842105263157,0.5,0.0,0.0,0.0,0.0,1.0,0.0
50%,0.2857142857142856,0.75,0.5,0.0,0.3333333333333333,0.0,0.75,0.5,0.5,0.0,0.25,0.75,0.0266666666666666,0.5789473684210527,0.5789473684210527,0.55,0.0,0.0,1.0,0.0,1.0,0.0
75%,0.4285714285714284,1.0,0.75,0.3333333333333333,0.3333333333333333,0.0,1.0,0.75,0.75,0.25,0.5,1.0,0.08,0.6842105263157894,0.6842105263157894,0.7000000000000001,1.0,1.0,1.0,0.0,1.0,1.0
max,1.0,1.0,1.0,1.0,1.0,1.0,1.0,1.0,1.0,1.0,1.0,1.0,1.0,1.0,1.0,1.0,1.0,1.0,1.0,1.0,1.0,1.0
